Catalyst,KOH,HClO4,Ni(OH)2
Cu, 0.5359937402190924,  0.44522691705790296,  0.4420970266040689
Ag, 0.5954616588419406,  0.40297339593114245,  0.43114241001564946
Au, 0.6345852895148669,  0.33724569640062607,  0.38888888888888895
Ru, 0.26682316118935845, 0.18075117370892024,  0.23708920187793436
Ir, 0.0618153364632239,  0.014866979655712043, 0.0336463223787169
Pt, 0.11345852895148656, 0.016431924882629123, 0.04773082942097029
V,  0.7942097026604069,  0.747261345852895,    0.5845070422535211
Ti, 0.9960876369327074,  0.8724569640062598,   0.6189358372456965
Ni, 0.3122065727699531,  0.26838810641627553,  0.2480438184663537